{
	"class_name" : "PinholeCameraParameters",
	"extrinsic" : 
	[
		0.9989018969167478,
		-0.045599688054950772,
		-0.01075494237149687,
		0.0,
		0.010239472608773767,
		-0.011522795489876019,
		0.9998811821335537,
		0.0,
		-0.045718196998757628,
		-0.99889333446238882,
		-0.011043225515813613,
		0.0,
		-25.698653387631271,
		2.2729672206348548,
		10.341806150315072,
		1.0
	],
	"intrinsic" : 
	{
		"height" : 845,
		"intrinsic_matrix" : 
		[
			935.30000000000007,
			0.0,
			0.0,
			0.0,
			935.30000000000007,
			0.0,
			766.0,
			422.0,
			1.0
		],
		"width" : 1533
	},
	"version_major" : 1,
	"version_minor" : 0
}